payment_id,policy_id,payment_date,payment_amount,payment_type
1,951,2020-09-09,1406.9,Premium
2,926,2022-06-29,608.94,Refund
3,847,2021-06-19,985.48,Premium
4,1060,2022-03-22,1339.67,Premium
5,1068,2024-06-28,559.61,Claim Payout
6,1179,2024-03-04,1222.79,Premium
7,1101,2020-12-10,1812.91,Premium
8,39,2022-11-26,1371.64,Premium
9,239,2020-11-03,1494.91,Premium
10,1037,2020-03-30,1076.42,Premium
11,122,2020-09-21,1338.78,Refund
12,144,2022-03-20,748.75,Premium
13,684,2024-12-21,1278.55,Premium
14,455,2021-06-11,1229.04,Premium
15,368,2021-01-11,1101.47,Premium
16,759,2023-09-20,1460.6,Claim Payout
17,247,2021-05-16,811.43,Premium
18,923,2020-06-23,934.53,Premium
19,1069,2025-03-03,1033.41,Premium
20,765,2020-07-26,639.64,Premium
21,375,2021-11-19,1079.43,Claim Payout
22,207,2024-11-09,398.37,Premium
23,519,2024-06-05,1366.43,Claim Payout
24,242,2025-07-25,1016.32,Premium
25,1138,2020-04-30,817.69,Claim Payout
26,819,2024-04-16,707.97,Refund
27,302,2024-10-13,917.9,Premium
28,1120,2021-12-08,1240.89,Premium
29,701,2023-12-20,1191.71,Premium
30,288,2022-05-29,753.06,Premium
31,154,2022-02-05,703.89,Premium
32,423,2023-01-31,1229.91,Premium
33,850,2023-02-20,747.18,Claim Payout
34,50,2024-12-31,1020.97,Premium
35,564,2021-08-31,1043.31,Refund
36,854,2020-05-21,1109.22,Claim Payout
37,883,2022-10-03,1300.39,Claim Payout
38,662,2023-04-23,557.96,Premium
39,565,2025-08-05,331.09,Premium
40,213,2024-08-14,801.39,Premium
41,1090,2025-05-16,1630.53,Premium
42,811,2020-09-06,1707.76,Premium
43,850,2020-12-25,1640.91,Refund
44,1161,2023-02-19,932.46,Premium
45,881,2024-04-17,376.26,Premium
46,1089,2021-07-16,179.94,Claim Payout
47,1156,2024-09-13,785.09,Premium
48,334,2022-03-27,930.67,Premium
49,32,2025-11-23,1455.22,Refund
50,868,2022-10-17,1303.73,Premium
51,898,2020-03-20,1079.59,Premium
52,1166,2024-04-15,688.55,Premium
53,601,2024-01-10,663.73,Claim Payout
54,988,2025-05-18,1088.94,Premium
55,1173,2025-06-08,1243.97,Premium
56,599,2023-11-10,1137.16,Premium
57,520,2025-08-19,637.89,Premium
58,869,2023-08-10,1227.73,Premium
59,16,2024-05-09,1149.07,Premium
60,1130,2023-01-12,625.27,Premium
61,283,2022-01-06,725.49,Premium
62,1128,2020-04-16,1240.97,Premium
63,361,2023-07-30,917.92,Premium
64,1059,2022-06-16,1556.2,Premium
65,113,2020-04-30,1175.4,Premium
66,308,2023-02-24,829.68,Premium
67,959,2020-08-27,996.43,Refund
68,1077,2025-04-16,1022.18,Claim Payout
69,1105,2025-12-08,745.06,Premium
70,834,2024-01-04,680.59,Premium
71,242,2022-08-11,1245.49,Premium
72,31,2021-10-15,1295.85,Premium
73,704,2021-02-14,1211.32,Premium
74,869,2022-10-12,1530.36,Premium
75,233,2022-09-14,810.38,Premium
76,1058,2022-12-27,1585.99,Premium
77,951,2025-12-25,684.68,Premium
78,59,2020-08-17,645.56,Refund
79,771,2022-06-17,384.01,Premium
80,1102,2024-05-09,843.97,Premium
81,718,2023-12-24,823.7,Claim Payout
82,302,2021-12-12,1184.08,Claim Payout
83,803,2021-12-22,1085.36,Refund
84,897,2022-08-26,582.46,Premium
85,112,2023-07-26,862.55,Premium
86,317,2024-01-09,869.99,Claim Payout
87,1169,2020-04-25,378.41,Premium
88,668,2023-12-11,656.67,Claim Payout
89,690,2021-08-05,730.22,Premium
90,18,2022-02-10,1501.77,Premium
91,1179,2025-07-09,1067.01,Claim Payout
92,778,2023-06-19,1231.76,Premium
93,360,2021-12-20,475.48,Premium
94,332,2025-07-01,1417.98,Premium
95,528,2020-06-04,1455.39,Premium
96,12,2021-01-04,300.58,Premium
97,1099,2020-08-18,753.14,Premium
98,212,2022-08-10,1173.52,Premium
99,641,2022-06-15,1225.54,Refund
100,283,2020-03-22,762.53,Premium
101,780,2025-11-26,893.08,Claim Payout
102,1054,2025-05-11,790.92,Premium
103,1033,2020-01-03,1038.65,Premium
104,677,2023-09-20,1419.01,Premium
105,705,2022-04-05,730.14,Premium
106,426,2021-06-18,1350.29,Claim Payout
107,591,2023-10-27,726.41,Refund
108,91,2021-12-27,703.33,Premium
109,456,2023-08-18,1286.51,Premium
110,444,2020-08-31,1322.68,Refund
111,79,2020-03-30,1297.99,Claim Payout
112,927,2021-08-28,539.47,Claim Payout
113,103,2021-08-03,836.92,Premium
114,623,2021-03-30,1288.05,Claim Payout
115,990,2025-11-25,1014.54,Premium
116,234,2024-02-03,624.21,Premium
117,644,2020-10-24,1160.41,Premium
118,790,2024-03-10,749.82,Premium
119,387,2024-06-08,1628.08,Refund
120,847,2021-02-17,1540.69,Claim Payout
121,38,2023-10-10,1211.43,Refund
122,1185,2023-05-21,1476.35,Premium
123,1141,2023-08-14,1022.68,Premium
124,241,2021-07-12,1267.9,Premium
125,1050,2021-10-07,1517.2,Premium
126,562,2024-11-24,1085.92,Refund
127,806,2025-06-18,910.68,Premium
128,298,2023-07-23,403.38,Premium
129,805,2021-12-14,970.9,Premium
130,154,2024-01-01,1288.2,Claim Payout
131,732,2022-07-03,1330.97,Premium
132,468,2021-12-19,1176.53,Premium
133,49,2024-03-29,810.55,Refund
134,46,2023-06-10,308.11,Premium
135,780,2023-04-21,826.67,Claim Payout
136,82,2021-06-05,893.48,Premium
137,1068,2021-12-28,890.47,Premium
138,955,2020-01-08,1216.49,Claim Payout
139,273,2024-05-22,1694.99,Premium
140,394,2020-05-12,1043.24,Premium
141,790,2022-01-15,924.14,Premium
142,595,2023-07-27,909.27,Premium
143,58,2022-06-23,1043.53,Premium
144,565,2021-03-02,710.1,Premium
145,1,2025-07-25,1042.07,Claim Payout
146,216,2021-07-30,1157.78,Refund
147,766,2023-09-18,1073.39,Premium
148,671,2020-11-14,1160.14,Premium
149,511,2022-09-01,1151.81,Premium
150,915,2023-11-21,379.84,Premium
151,95,2023-08-01,1222.9,Premium
152,493,2021-11-18,765.14,Premium
153,765,2020-12-29,616.46,Premium
154,1022,2023-10-07,613.44,Premium
155,150,2025-01-03,1151.74,Premium
156,1047,2020-02-16,922.1,Refund
157,756,2022-12-22,411.31,Refund
158,399,2022-05-08,1167.31,Premium
159,410,2022-10-19,496.14,Refund
160,131,2020-10-04,1048.94,Premium
161,855,2023-12-06,1083.47,Claim Payout
162,148,2022-11-17,1309.95,Premium
163,381,2021-03-18,1623.59,Refund
164,1133,2020-01-06,522.36,Premium
165,552,2020-07-16,981.63,Premium
166,1145,2024-04-29,903.28,Premium
167,295,2024-11-29,1151.81,Premium
168,1144,2024-09-14,1075.48,Premium
169,456,2021-11-12,876.61,Premium
170,169,2024-08-22,845.68,Refund
171,710,2025-07-12,609.24,Premium
172,1167,2024-03-31,1345.75,Premium
173,37,2023-12-09,1160.72,Premium
174,231,2024-03-17,1321.22,Claim Payout
175,254,2021-02-19,891.36,Refund
176,329,2025-05-17,770.11,Refund
177,980,2022-07-12,622.59,Premium
178,10,2021-10-28,1125.62,Premium
179,446,2025-01-22,636.07,Premium
180,922,2020-10-28,1647.03,Premium
181,836,2020-05-16,542.33,Premium
182,78,2023-04-22,1095.78,Premium
183,193,2020-03-23,1548.4,Premium
184,401,2023-07-29,1209.68,Premium
185,109,2022-12-05,1061.49,Premium
186,792,2021-03-04,661.03,Claim Payout
187,263,2020-10-30,516.38,Premium
188,329,2023-11-01,1269.52,Refund
189,363,2021-11-27,1527.15,Premium
190,259,2024-03-17,846.4,Premium
191,85,2021-10-21,601.33,Premium
192,308,2020-11-03,139.64,Refund
193,262,2021-01-16,656.73,Premium
194,797,2023-10-16,960.22,Claim Payout
195,631,2025-05-31,1559.69,Premium
196,680,2020-05-06,1235.6,Premium
197,865,2024-11-01,1106.78,Premium
198,324,2021-11-06,859.96,Premium
199,925,2024-11-13,795.89,Refund
200,727,2021-10-05,1491.98,Premium
201,978,2020-08-07,1070.26,Premium
202,217,2021-02-18,264.09,Refund
203,448,2023-09-18,764.26,Claim Payout
204,319,2022-04-21,699.62,Premium
205,994,2022-02-17,808.81,Refund
206,37,2024-08-03,1197.02,Premium
207,731,2022-12-22,962.39,Refund
208,1011,2023-02-27,973.1,Premium
209,1058,2023-05-03,1459.72,Premium
210,39,2022-08-30,756.24,Premium
211,209,2021-01-27,1652.47,Premium
212,830,2020-07-22,765.04,Premium
213,856,2024-05-28,1031.22,Premium
214,1176,2025-07-03,901.58,Premium
215,899,2021-09-21,1043.2,Claim Payout
216,601,2020-08-11,1155.61,Premium
217,760,2024-01-17,1151.84,Premium
218,1103,2020-01-16,736.41,Premium
219,434,2024-10-17,606.98,Claim Payout
220,842,2020-12-24,1876.11,Premium
221,32,2023-04-21,830.61,Premium
222,1111,2025-05-21,1244.72,Premium
223,393,2022-03-28,437.33,Premium
224,910,2021-02-01,902.14,Premium
225,192,2020-04-15,955.48,Premium
226,270,2022-04-27,1165.49,Premium
227,738,2021-11-30,47.14,Premium
228,77,2023-04-10,1058.15,Premium
229,735,2020-12-01,597.59,Premium
230,884,2025-04-23,1113.52,Premium
231,1191,2021-04-18,637.28,Claim Payout
232,284,2023-06-17,700.58,Claim Payout
233,1113,2024-06-16,904.23,Premium
234,544,2025-04-12,631.68,Premium
235,649,2025-06-26,833.56,Premium
236,1180,2022-12-21,582.32,Premium
237,250,2021-01-08,358.39,Premium
238,95,2024-05-06,1356.28,Premium
239,17,2022-01-27,546.38,Claim Payout
240,117,2024-02-28,937.46,Claim Payout
241,983,2024-04-11,1263.51,Premium
242,333,2024-02-22,784.77,Premium
243,1104,2022-02-03,711.19,Claim Payout
244,646,2024-12-30,1079.18,Claim Payout
245,116,2020-07-01,1391.28,Claim Payout
246,963,2022-12-14,590.74,Premium
247,1193,2024-12-06,947.45,Premium
248,847,2025-03-19,393.63,Premium
249,316,2022-12-14,862.38,Premium
250,810,2022-07-15,1011.97,Premium
251,372,2023-01-05,700.88,Premium
252,760,2020-09-09,840.05,Claim Payout
253,877,2021-09-11,507.12,Claim Payout
254,977,2021-01-31,1026.98,Premium
255,156,2020-12-17,1369.49,Claim Payout
256,614,2023-11-09,616.0,Premium
257,1037,2024-08-22,782.06,Refund
258,508,2022-07-20,1175.89,Premium
259,465,2020-09-06,1424.23,Premium
260,783,2024-05-04,477.38,Premium
261,804,2025-11-10,940.93,Premium
262,220,2024-09-10,1099.1,Premium
263,15,2025-04-28,964.28,Premium
264,117,2022-08-23,133.12,Claim Payout
265,331,2025-05-04,1175.38,Premium
266,56,2023-05-09,1531.77,Premium
267,1156,2020-11-19,1040.83,Premium
268,308,2024-06-05,639.11,Premium
269,222,2020-05-22,820.41,Premium
270,1197,2025-08-18,1619.47,Refund
271,797,2025-10-17,1318.49,Premium
272,1181,2021-08-26,1224.01,Premium
273,151,2021-05-07,1124.74,Premium
274,112,2025-01-13,768.6,Premium
275,683,2021-12-09,929.8,Premium
276,1162,2021-11-15,972.73,Claim Payout
277,332,2022-05-17,1192.35,Premium
278,893,2022-02-28,1528.12,Premium
279,161,2021-05-31,1391.42,Claim Payout
280,278,2020-06-23,503.22,Premium
281,897,2024-09-30,1078.4,Premium
282,497,2020-11-16,1257.87,Claim Payout
283,655,2024-11-18,1216.6,Premium
284,1060,2022-04-07,779.77,Premium
285,303,2021-08-28,2019.94,Claim Payout
286,438,2022-11-22,553.02,Claim Payout
287,726,2023-08-02,620.88,Premium
288,1056,2020-10-01,1081.76,Premium
289,186,2020-12-22,1740.88,Refund
290,1198,2024-05-08,707.33,Premium
291,673,2024-06-15,906.96,Premium
292,1001,2023-08-28,1377.05,Premium
293,279,2023-02-05,993.75,Premium
294,683,2025-10-29,882.89,Claim Payout
295,1026,2025-02-19,1197.97,Claim Payout
296,1190,2020-02-20,1095.38,Claim Payout
297,1011,2025-11-10,1360.65,Claim Payout
298,925,2024-09-14,1452.01,Premium
299,1134,2021-04-05,1107.45,Premium
300,380,2024-08-24,1102.11,Refund
301,835,2021-09-04,1074.94,Premium
302,999,2021-08-30,1171.2,Premium
303,285,2021-02-14,1019.31,Premium
304,421,2021-03-08,999.79,Claim Payout
305,113,2021-02-17,1418.82,Premium
306,1018,2023-03-17,1530.64,Premium
307,228,2023-11-09,472.36,Premium
308,528,2024-08-10,1003.51,Premium
309,496,2022-12-17,758.96,Premium
310,31,2024-04-17,891.16,Refund
311,162,2025-06-11,1140.88,Premium
312,705,2025-04-21,1234.3,Premium
313,722,2020-06-02,960.76,Premium
314,446,2021-12-06,330.33,Premium
315,744,2023-02-02,662.23,Claim Payout
316,427,2024-07-08,1313.77,Refund
317,504,2021-08-12,40.85,Claim Payout
318,721,2024-07-03,1415.6,Premium
319,684,2020-06-07,1182.43,Premium
320,582,2024-06-09,1460.66,Premium
321,1058,2023-09-19,930.5,Premium
322,736,2022-08-31,278.51,Refund
323,691,2020-07-20,1150.63,Premium
324,758,2025-04-30,1446.13,Claim Payout
325,754,2023-01-05,1323.65,Premium
326,24,2024-03-05,768.06,Premium
327,55,2020-03-23,1030.37,Premium
328,1050,2023-10-15,813.51,Premium
329,804,2023-05-26,713.26,Premium
330,327,2023-06-27,1334.39,Premium
331,970,2023-02-22,580.86,Premium
332,186,2025-07-06,687.16,Premium
333,495,2021-02-06,613.59,Premium
334,1036,2022-07-22,478.41,Premium
335,434,2021-07-04,1051.25,Premium
336,208,2023-05-15,1406.53,Premium
337,133,2024-12-19,935.29,Premium
338,369,2023-08-07,472.99,Premium
339,1127,2023-01-08,1293.98,Premium
340,423,2024-09-03,1590.0,Premium
341,1033,2020-12-31,773.82,Premium
342,244,2022-02-08,832.51,Premium
343,782,2024-12-14,1180.48,Premium
344,624,2022-05-15,1567.66,Refund
345,567,2024-07-25,818.06,Premium
346,527,2025-06-07,533.64,Premium
347,37,2025-10-16,1221.0,Refund
348,178,2024-03-11,1279.67,Premium
349,639,2020-08-18,1002.15,Premium
350,852,2025-10-11,804.65,Premium
351,72,2021-10-13,1348.03,Premium
352,352,2020-09-25,1184.81,Refund
353,623,2023-06-28,731.05,Premium
354,1173,2025-09-06,1017.18,Premium
355,105,2024-07-10,526.9,Premium
356,221,2021-07-09,1240.06,Premium
357,863,2025-11-17,908.22,Premium
358,518,2020-04-28,847.5,Premium
359,299,2021-12-12,988.49,Refund
360,861,2022-02-28,1014.11,Refund
361,42,2022-04-02,1313.23,Premium
362,771,2020-08-24,1206.88,Claim Payout
363,897,2022-10-18,945.26,Premium
364,492,2020-05-15,1267.28,Premium
365,1071,2025-02-12,1140.26,Refund
366,85,2020-07-26,850.69,Premium
367,1082,2024-01-16,956.35,Premium
368,991,2022-03-26,948.12,Premium
369,711,2023-01-27,1176.84,Premium
370,209,2024-02-17,871.54,Claim Payout
371,39,2025-03-16,863.36,Premium
372,926,2025-08-30,1689.07,Premium
373,762,2024-06-13,1328.91,Premium
374,946,2021-05-22,733.79,Refund
375,52,2020-05-05,1199.83,Premium
376,374,2022-09-17,1041.42,Premium
377,931,2024-03-05,1137.04,Premium
378,156,2025-06-25,1048.07,Premium
379,1114,2025-01-01,1416.37,Premium
380,679,2021-12-28,1120.97,Premium
381,351,2025-04-27,978.27,Premium
382,69,2023-12-03,1364.77,Premium
383,1187,2023-11-11,1081.65,Premium
384,1076,2021-10-31,1042.52,Premium
385,654,2022-11-25,1109.91,Premium
386,63,2021-01-05,967.24,Premium
387,509,2023-03-13,1003.23,Premium
388,292,2020-04-22,794.66,Premium
389,1115,2024-05-02,737.09,Refund
390,821,2020-07-22,650.5,Premium
391,150,2021-10-29,512.81,Premium
392,881,2022-05-27,692.1,Claim Payout
393,1140,2022-06-25,939.01,Premium
394,704,2022-07-11,1036.09,Premium
395,516,2022-04-26,905.05,Refund
396,30,2023-01-07,175.5,Premium
397,1167,2024-08-04,1551.11,Premium
398,326,2025-10-03,1380.27,Premium
399,949,2020-03-23,1156.02,Premium
400,16,2020-02-06,1667.62,Claim Payout
401,111,2025-04-25,657.92,Premium
402,872,2021-06-25,1660.67,Premium
403,713,2021-12-10,662.18,Claim Payout
404,107,2020-02-04,1083.56,Claim Payout
405,379,2022-07-05,554.16,Premium
406,162,2022-10-30,1005.14,Premium
407,283,2023-06-05,1135.16,Premium
408,269,2023-02-01,945.86,Refund
409,484,2024-10-01,1249.86,Premium
410,667,2024-03-22,1034.66,Premium
411,1097,2023-11-29,817.15,Premium
412,598,2025-02-23,801.62,Premium
413,799,2022-10-29,1283.82,Premium
414,798,2022-06-12,771.19,Premium
415,1173,2025-03-26,1320.39,Premium
416,390,2023-05-22,1427.95,Premium
417,416,2025-11-02,415.95,Premium
418,426,2024-06-14,1396.52,Premium
419,997,2021-02-23,1721.15,Premium
420,867,2020-01-31,1088.2,Refund
421,86,2025-09-26,1209.68,Premium
422,423,2024-03-12,1362.95,Premium
423,118,2023-03-03,903.58,Premium
424,959,2023-05-07,1063.8,Premium
425,882,2021-03-18,540.03,Premium
426,992,2025-05-27,1048.52,Premium
427,415,2020-09-18,1174.34,Premium
428,599,2023-10-09,1180.66,Premium
429,40,2023-02-06,1372.9,Premium
430,1185,2023-08-24,728.82,Premium
431,703,2023-02-08,813.59,Refund
432,537,2022-12-05,1663.43,Premium
433,420,2023-05-08,947.39,Premium
434,664,2022-02-10,1070.01,Premium
435,95,2021-09-06,976.55,Premium
436,973,2025-10-19,712.41,Claim Payout
437,650,2022-09-11,1568.24,Claim Payout
438,288,2020-08-20,815.3,Premium
439,412,2024-07-13,605.45,Premium
440,400,2023-08-02,842.24,Premium
441,528,2021-07-27,299.4,Claim Payout
442,1042,2020-04-14,772.05,Premium
443,136,2025-07-30,661.15,Premium
444,759,2023-04-25,1216.1,Premium
445,843,2022-11-28,764.31,Premium
446,710,2024-09-10,1310.73,Premium
447,1025,2024-07-15,1489.47,Premium
448,381,2024-05-09,1273.41,Premium
449,509,2020-05-24,924.61,Premium
450,806,2022-02-16,1049.39,Claim Payout
451,476,2023-11-06,466.26,Refund
452,954,2022-06-29,953.18,Refund
453,849,2025-12-29,698.85,Premium
454,897,2025-05-02,1243.01,Refund
455,32,2024-01-08,1900.46,Premium
456,118,2025-09-08,1174.94,Premium
457,191,2023-05-14,303.1,Premium
458,74,2021-11-27,873.57,Premium
459,623,2022-01-11,1042.87,Premium
460,1127,2023-04-18,1030.58,Claim Payout
461,871,2021-02-03,744.22,Premium
462,586,2025-04-12,1085.85,Premium
463,420,2021-06-08,565.12,Premium
464,473,2022-11-25,669.28,Premium
465,114,2022-01-19,1226.03,Premium
466,330,2023-10-06,644.52,Premium
467,339,2020-12-31,1188.37,Refund
468,238,2022-06-29,520.69,Premium
469,1197,2023-12-26,1617.69,Premium
470,79,2022-07-03,729.01,Premium
471,464,2023-06-11,921.72,Claim Payout
472,605,2024-09-18,1115.71,Refund
473,562,2023-09-19,802.13,Premium
474,285,2024-03-02,1050.19,Premium
475,223,2022-12-03,1201.37,Premium
476,593,2023-04-19,1336.21,Refund
477,373,2025-03-14,1277.02,Claim Payout
478,911,2021-04-27,939.87,Premium
479,828,2025-04-11,948.68,Premium
480,236,2020-08-07,1822.19,Refund
481,671,2020-10-18,1332.46,Premium
482,828,2025-04-18,677.36,Premium
483,763,2022-03-07,1035.0,Premium
484,380,2025-08-11,882.7,Premium
485,794,2021-05-05,952.63,Claim Payout
486,614,2024-04-12,569.68,Premium
487,563,2025-12-10,855.83,Premium
488,420,2023-05-07,1634.04,Premium
489,52,2024-08-19,1202.68,Premium
490,819,2020-08-09,128.09,Premium
491,205,2021-09-09,1425.85,Premium
492,1001,2021-07-16,1381.37,Premium
493,731,2022-03-31,874.25,Premium
494,257,2023-11-04,1251.04,Premium
495,185,2024-08-03,699.21,Premium
496,145,2025-02-17,835.41,Premium
497,1038,2021-08-09,1524.49,Claim Payout
498,246,2023-07-19,904.89,Premium
499,187,2022-01-08,345.59,Refund
500,866,2020-11-27,977.84,Premium
501,40,2025-06-20,972.49,Refund
502,601,2023-09-24,1419.43,Refund
503,962,2021-12-25,1005.02,Premium
504,986,2023-07-07,852.45,Claim Payout
505,9,2020-08-25,1365.77,Claim Payout
506,350,2020-01-20,1042.28,Premium
507,84,2025-01-25,737.49,Premium
508,533,2023-01-25,1404.25,Premium
509,989,2022-05-07,1067.78,Refund
510,358,2021-11-21,1001.02,Premium
511,378,2021-10-10,1062.27,Premium
512,172,2025-06-28,625.27,Premium
513,1049,2020-12-26,815.32,Premium
514,393,2021-06-14,1001.25,Premium
515,1127,2024-11-11,931.87,Premium
516,702,2024-10-24,1445.35,Premium
517,549,2024-07-10,1076.09,Premium
518,784,2024-10-23,1299.22,Premium
519,332,2025-05-09,1003.29,Premium
520,794,2024-04-19,1369.7,Premium
521,649,2020-01-20,1139.13,Premium
522,983,2020-06-03,1004.7,Premium
523,1053,2025-12-26,995.35,Premium
524,543,2022-03-27,665.95,Premium
525,1043,2024-03-08,1177.42,Premium
526,1172,2020-02-27,985.93,Premium
527,491,2023-08-12,824.3,Claim Payout
528,283,2025-12-15,1387.26,Premium
529,862,2022-02-19,562.42,Claim Payout
530,113,2020-03-14,852.13,Refund
531,862,2020-01-17,1359.7,Premium
532,610,2022-10-16,1110.43,Premium
533,508,2022-07-15,983.25,Premium
534,466,2023-11-11,1087.85,Premium
535,824,2023-07-02,1062.79,Premium
536,609,2021-06-12,469.17,Refund
537,1122,2021-02-24,877.76,Premium
538,290,2024-04-20,1565.78,Refund
539,868,2025-08-23,769.24,Premium
540,1180,2023-06-07,888.59,Claim Payout
541,782,2021-11-15,810.43,Premium
542,162,2020-09-24,969.54,Premium
543,624,2020-07-06,795.91,Premium
544,717,2023-05-06,1170.36,Premium
545,1121,2023-04-06,1069.06,Premium
546,567,2025-02-10,1270.74,Claim Payout
547,994,2025-11-01,632.17,Premium
548,1141,2025-11-16,880.88,Claim Payout
549,596,2023-10-15,921.0,Premium
550,959,2024-11-11,1159.48,Refund
551,1013,2021-07-02,722.37,Premium
552,475,2023-11-04,1320.48,Premium
553,618,2025-06-30,1415.25,Claim Payout
554,641,2024-01-11,653.89,Premium
555,262,2022-02-10,828.19,Premium
556,162,2021-11-06,813.82,Premium
557,181,2024-07-10,1921.34,Premium
558,725,2020-03-19,849.53,Premium
559,469,2022-07-24,1587.17,Premium
560,21,2022-07-07,556.68,Premium
561,260,2021-06-21,653.62,Premium
562,466,2022-05-15,759.69,Premium
563,1140,2020-03-30,704.01,Premium
564,537,2025-08-28,906.24,Premium
565,952,2021-11-23,751.93,Claim Payout
566,766,2021-05-19,713.23,Refund
567,959,2024-02-10,1405.47,Premium
568,934,2020-06-02,1428.33,Claim Payout
569,851,2024-03-16,1332.25,Premium
570,1192,2022-11-13,1183.4,Premium
571,533,2025-12-30,1032.46,Premium
572,15,2020-07-18,826.04,Premium
573,50,2020-07-15,666.39,Premium
574,999,2021-03-18,1127.05,Premium
575,304,2020-03-21,589.23,Premium
576,416,2020-07-16,652.13,Premium
577,305,2021-04-19,1403.52,Premium
578,196,2024-09-03,1665.23,Premium
579,813,2024-12-24,1137.65,Premium
580,800,2024-04-06,1387.26,Premium
581,388,2021-05-21,913.95,Premium
582,757,2022-11-01,531.81,Premium
583,455,2025-04-27,1214.26,Premium
584,713,2021-09-19,1199.25,Claim Payout
585,705,2022-04-21,1025.08,Claim Payout
586,848,2020-02-08,915.17,Premium
587,1151,2023-05-18,1336.77,Premium
588,175,2024-09-19,654.99,Premium
589,1158,2021-02-17,729.18,Claim Payout
590,1090,2025-11-01,647.16,Premium
591,279,2023-01-10,1029.74,Premium
592,758,2021-07-15,619.24,Premium
593,363,2024-09-11,760.52,Premium
594,171,2021-03-05,752.99,Premium
595,1075,2025-09-26,908.79,Premium
596,665,2021-04-27,479.42,Premium
597,592,2023-03-03,1030.52,Premium
598,931,2021-04-11,1436.56,Premium
599,1169,2021-03-11,1047.42,Premium
600,274,2025-07-31,1539.46,Premium
601,1179,2022-03-24,1466.9,Refund
602,508,2022-03-29,1272.21,Premium
603,363,2022-12-13,1026.14,Premium
604,848,2025-11-12,1007.88,Premium
605,655,2022-04-06,1267.33,Premium
606,298,2024-01-06,862.92,Premium
607,494,2024-08-05,341.12,Premium
608,546,2023-04-24,1172.2,Premium
609,304,2021-10-18,604.13,Premium
610,904,2020-06-10,663.25,Premium
611,239,2025-07-26,1000.08,Premium
612,650,2022-04-30,966.71,Premium
613,884,2025-05-22,505.77,Premium
614,1200,2023-09-16,1057.92,Premium
615,410,2022-08-18,1338.15,Premium
616,726,2020-01-12,605.08,Premium
617,1047,2020-02-22,1445.37,Premium
618,318,2020-12-30,453.94,Premium
619,525,2021-03-28,1741.06,Claim Payout
620,905,2025-07-16,856.06,Claim Payout
621,1024,2021-09-02,1050.97,Premium
622,620,2021-01-03,337.79,Premium
623,953,2025-09-26,978.25,Premium
624,1132,2020-11-03,1079.97,Premium
625,801,2021-02-18,969.84,Refund
626,916,2022-11-14,802.92,Premium
627,1200,2022-08-04,668.7,Claim Payout
628,320,2025-02-13,1395.68,Premium
629,876,2023-04-27,1010.78,Premium
630,329,2022-12-17,1539.26,Refund
631,753,2025-03-16,815.73,Premium
632,657,2020-07-24,847.82,Claim Payout
633,1038,2021-02-12,1285.46,Premium
634,71,2021-12-16,431.96,Premium
635,827,2020-06-10,575.29,Premium
636,865,2023-04-05,1384.12,Premium
637,928,2024-01-15,589.82,Premium
638,106,2023-07-04,363.33,Premium
639,770,2024-10-10,1653.98,Premium
640,893,2021-04-19,512.16,Premium
641,196,2021-01-24,1064.44,Premium
642,145,2020-07-06,1024.18,Premium
643,471,2020-02-09,16.28,Claim Payout
644,216,2021-07-20,906.44,Premium
645,1117,2021-11-29,1156.94,Premium
646,260,2023-09-08,1124.01,Claim Payout
647,934,2024-01-04,1316.23,Claim Payout
648,575,2024-11-27,864.38,Premium
649,285,2023-01-03,1249.38,Refund
650,484,2021-01-15,758.73,Premium
651,372,2024-03-06,506.34,Premium
652,70,2023-11-04,545.8,Premium
653,379,2022-01-19,488.26,Premium
654,302,2021-04-11,1353.36,Refund
655,255,2024-06-29,469.9,Premium
656,944,2024-06-27,1095.91,Claim Payout
657,692,2025-02-12,906.93,Premium
658,834,2023-01-18,964.07,Premium
659,717,2024-04-28,1477.26,Premium
660,424,2025-05-12,846.55,Claim Payout
661,213,2024-09-23,1214.06,Premium
662,100,2021-11-14,1013.15,Refund
663,1136,2021-04-08,946.79,Claim Payout
664,308,2021-06-26,1804.99,Premium
665,678,2020-08-28,495.53,Premium
666,475,2021-10-14,1451.2,Claim Payout
667,112,2021-02-28,1229.74,Claim Payout
668,1111,2024-08-31,832.17,Premium
669,183,2025-05-31,1570.26,Premium
670,597,2024-11-29,353.16,Premium
671,165,2022-01-12,817.38,Premium
672,815,2024-04-04,577.03,Premium
673,90,2024-01-08,1144.23,Premium
674,455,2020-04-28,610.43,Premium
675,238,2021-06-19,1151.57,Premium
676,534,2025-06-01,934.75,Premium
677,727,2025-06-22,832.23,Premium
678,58,2021-04-07,1136.03,Premium
679,542,2024-08-11,905.98,Premium
680,1022,2024-12-10,618.98,Premium
681,618,2020-07-07,1980.48,Premium
682,402,2020-09-16,829.49,Premium
683,1006,2022-12-07,223.84,Premium
684,842,2023-07-11,705.27,Refund
685,839,2020-02-20,556.45,Premium
686,519,2025-11-19,1289.15,Premium
687,197,2022-07-06,1112.58,Premium
688,46,2023-10-17,1139.55,Premium
689,530,2025-10-27,870.49,Claim Payout
690,1000,2025-11-12,902.23,Premium
691,776,2021-01-25,870.17,Premium
692,74,2024-11-07,971.58,Premium
693,335,2022-10-15,1292.37,Premium
694,633,2025-05-27,1117.63,Premium
695,688,2023-11-17,1175.04,Premium
696,575,2024-04-25,1174.85,Premium
697,296,2021-08-31,1309.55,Refund
698,1108,2020-08-11,1100.85,Premium
699,1039,2020-02-17,1125.6,Premium
700,1158,2021-10-04,1416.08,Premium
701,478,2025-09-01,767.23,Premium
702,633,2025-04-06,700.49,Premium
703,319,2025-07-23,584.93,Premium
704,479,2021-11-08,1064.02,Premium
705,368,2020-11-02,351.19,Claim Payout
706,367,2025-07-06,1161.75,Premium
707,378,2023-08-06,961.78,Premium
708,463,2022-09-13,1397.12,Premium
709,13,2023-09-17,764.83,Premium
710,536,2023-02-13,928.84,Premium
711,1192,2020-07-25,1392.77,Refund
712,270,2025-09-07,1484.1,Claim Payout
713,1094,2022-07-01,761.95,Premium
714,376,2024-03-30,1063.62,Premium
715,1113,2024-07-09,1103.05,Premium
716,257,2022-08-20,1130.78,Premium
717,217,2020-11-18,908.1,Premium
718,450,2025-02-23,1448.48,Premium
719,894,2024-12-24,338.6,Premium
720,1165,2025-01-09,852.6,Premium
721,1185,2020-12-26,1156.78,Refund
722,32,2025-08-03,1160.03,Refund
723,1176,2025-01-05,1473.47,Premium
724,610,2023-07-18,1419.38,Premium
725,917,2021-05-01,900.06,Claim Payout
726,542,2025-07-30,1454.95,Premium
727,148,2020-03-13,750.09,Claim Payout
728,656,2021-02-24,1325.81,Premium
729,67,2024-07-10,1633.68,Premium
730,570,2024-08-15,1425.23,Premium
731,748,2020-05-26,1037.02,Claim Payout
732,443,2020-01-01,883.88,Premium
733,897,2021-01-07,464.99,Premium
734,399,2023-06-01,1108.69,Premium
735,1152,2025-09-13,609.67,Claim Payout
736,482,2022-04-27,722.4,Claim Payout
737,948,2025-02-11,583.24,Claim Payout
738,186,2023-10-28,838.86,Claim Payout
739,169,2024-01-28,990.21,Premium
740,507,2020-08-10,1095.77,Premium
741,521,2022-07-02,789.82,Premium
742,161,2025-02-04,1374.25,Premium
743,340,2023-09-21,927.13,Refund
744,1130,2025-04-21,724.3,Claim Payout
745,704,2024-01-28,1079.2,Premium
746,1177,2025-01-27,1687.24,Premium
747,823,2021-04-12,1117.31,Claim Payout
748,785,2021-02-03,873.0,Premium
749,1173,2022-06-27,465.39,Premium
750,131,2020-01-09,923.21,Premium
751,516,2023-10-30,1082.22,Premium
752,536,2023-12-25,864.35,Premium
753,741,2023-04-10,417.12,Premium
754,781,2025-11-08,702.3,Premium
755,588,2024-03-11,1509.09,Claim Payout
756,726,2021-03-11,1501.9,Premium
757,943,2020-07-06,689.68,Premium
758,997,2021-11-03,1235.46,Claim Payout
759,376,2025-07-09,587.5,Premium
760,1182,2021-07-29,1491.51,Premium
761,204,2024-08-03,1085.83,Refund
762,989,2021-03-14,1332.37,Premium
763,661,2022-11-07,399.72,Refund
764,75,2022-03-13,1237.17,Premium
765,741,2022-02-07,997.31,Premium
766,304,2021-05-09,1298.18,Premium
767,1086,2024-05-28,1320.2,Premium
768,570,2022-06-02,1023.02,Refund
769,786,2025-02-15,789.71,Premium
770,1132,2022-02-19,1272.89,Claim Payout
771,987,2023-10-16,978.95,Refund
772,229,2021-03-17,694.53,Premium
773,1072,2024-08-24,677.95,Refund
774,268,2020-07-09,482.99,Premium
775,727,2021-05-19,821.4,Premium
776,802,2025-01-19,1385.94,Refund
777,254,2025-02-16,1062.24,Premium
778,957,2025-08-27,814.58,Premium
779,870,2021-07-05,1281.7,Premium
780,87,2025-08-05,708.63,Premium
781,1049,2020-01-18,1033.37,Premium
782,222,2025-12-12,937.13,Premium
783,990,2020-07-17,1272.7,Premium
784,397,2024-11-07,447.97,Premium
785,938,2025-06-01,702.43,Premium
786,511,2025-09-13,426.61,Premium
787,561,2021-12-26,909.14,Premium
788,846,2021-12-12,1424.0,Refund
789,440,2021-06-09,823.09,Premium
790,1199,2021-02-28,821.26,Premium
791,311,2024-05-05,1305.1,Premium
792,35,2023-08-11,1373.99,Premium
793,217,2025-08-26,969.0,Premium
794,721,2024-04-24,1239.65,Claim Payout
795,1016,2024-09-10,623.07,Claim Payout
796,519,2022-10-13,1482.29,Refund
797,269,2023-01-25,1752.05,Claim Payout
798,638,2024-06-17,1182.43,Premium
799,475,2023-11-05,270.48,Premium
800,90,2023-04-19,804.62,Premium
801,1066,2025-01-28,1214.49,Premium
802,982,2021-06-30,852.48,Claim Payout
803,288,2021-07-19,1445.27,Premium
804,481,2024-08-17,1205.86,Claim Payout
805,637,2025-09-29,752.73,Premium
806,501,2023-05-09,1011.29,Refund
807,52,2023-07-09,687.16,Premium
808,103,2022-06-09,936.1,Premium
809,699,2022-04-02,805.89,Premium
810,1038,2022-05-08,1411.17,Refund
811,470,2023-04-05,1740.6,Claim Payout
812,427,2023-11-15,499.08,Premium
813,110,2021-06-27,326.87,Premium
814,515,2021-12-29,914.19,Premium
815,68,2025-08-25,468.55,Claim Payout
816,389,2023-08-13,1016.17,Premium
817,308,2021-04-17,1262.13,Premium
818,1090,2023-12-13,1522.95,Premium
819,460,2025-05-21,1070.49,Premium
820,347,2024-09-05,932.4,Premium
821,325,2025-12-26,307.57,Premium
822,667,2023-03-17,1009.16,Claim Payout
823,1057,2024-09-26,1024.95,Claim Payout
824,68,2020-02-22,1223.63,Premium
825,187,2025-11-11,752.03,Claim Payout
826,192,2021-03-12,847.73,Premium
827,428,2020-04-13,482.7,Premium
828,1132,2024-04-09,198.05,Premium
829,216,2021-08-18,612.03,Premium
830,177,2020-08-05,450.39,Refund
831,561,2020-08-19,1117.85,Premium
832,881,2022-03-29,818.65,Premium
833,626,2022-12-29,811.62,Refund
834,607,2021-10-21,655.46,Premium
835,179,2023-03-19,131.4,Refund
836,395,2022-10-23,1527.91,Premium
837,1169,2021-08-22,649.91,Premium
838,876,2020-09-11,855.65,Claim Payout
839,962,2023-04-23,490.79,Premium
840,198,2022-04-15,1340.18,Premium
841,969,2020-05-12,1050.2,Premium
842,1108,2024-01-09,710.77,Premium
843,669,2025-01-27,862.72,Claim Payout
844,1109,2021-02-23,1587.36,Premium
845,457,2022-07-07,974.46,Premium
846,72,2024-05-11,936.39,Claim Payout
847,223,2022-08-31,670.52,Premium
848,276,2025-09-23,336.9,Premium
849,573,2023-03-24,943.99,Premium
850,924,2020-07-11,1113.92,Refund
851,471,2024-04-11,1384.85,Premium
852,454,2024-05-06,213.03,Premium
853,969,2024-09-02,606.22,Premium
854,7,2023-07-04,796.74,Premium
855,188,2020-08-08,998.78,Premium
856,4,2020-02-23,949.24,Premium
857,907,2022-10-26,957.41,Premium
858,1149,2022-04-11,1142.83,Premium
859,1039,2024-12-19,683.85,Premium
860,960,2022-07-12,1326.95,Refund
861,525,2024-02-15,1151.71,Premium
862,630,2022-03-15,888.06,Premium
863,775,2022-03-03,1560.32,Premium
864,360,2023-04-19,1544.75,Premium
865,518,2025-01-12,1326.51,Premium
866,1054,2021-12-27,56.49,Premium
867,921,2020-11-01,1552.63,Premium
868,1180,2022-02-04,1278.17,Claim Payout
869,852,2021-12-12,1702.24,Premium
870,935,2025-10-05,1433.11,Refund
871,901,2021-05-03,1552.42,Premium
872,399,2024-03-25,1307.53,Claim Payout
873,168,2020-06-15,1472.04,Premium
874,377,2024-10-21,1697.94,Premium
875,607,2023-02-17,1075.79,Claim Payout
876,1011,2022-12-18,449.72,Premium
877,589,2021-06-16,892.39,Premium
878,1195,2021-10-21,1136.48,Premium
879,1178,2022-11-10,1026.21,Refund
880,48,2020-01-24,563.7,Premium
881,1025,2023-09-15,429.13,Claim Payout
882,1131,2025-03-25,740.59,Premium
883,173,2021-09-26,1282.71,Premium
884,506,2020-06-12,1553.12,Premium
885,1154,2021-09-21,1320.8,Premium
886,398,2023-08-14,1370.1,Premium
887,294,2020-07-27,971.71,Premium
888,552,2023-05-18,390.27,Premium
889,850,2025-07-02,840.67,Premium
890,1040,2024-01-06,909.43,Premium
891,885,2020-10-25,826.03,Refund
892,1004,2023-07-25,1019.14,Premium
893,134,2025-11-22,1154.5,Refund
894,771,2022-06-19,1298.56,Premium
895,508,2022-01-23,902.66,Claim Payout
896,1090,2025-11-02,333.68,Premium
897,480,2020-10-06,830.99,Premium
898,863,2025-08-31,1015.3,Refund
899,459,2021-10-14,1427.98,Claim Payout
900,626,2024-08-30,801.27,Premium
901,159,2024-07-10,1179.39,Premium
902,161,2021-01-11,1101.53,Premium
903,940,2023-12-02,1015.37,Premium
904,155,2022-06-25,1325.69,Claim Payout
905,486,2022-05-23,768.71,Premium
906,432,2023-09-21,798.68,Refund
907,1051,2023-09-18,995.83,Premium
908,1004,2024-01-17,775.95,Refund
909,1036,2023-04-17,1177.8,Claim Payout
910,67,2022-06-13,750.38,Premium
911,542,2025-12-12,1079.21,Premium
912,96,2025-04-29,964.94,Refund
913,215,2020-02-06,1075.22,Premium
914,194,2021-04-14,839.09,Premium
915,885,2023-11-18,881.32,Premium
916,39,2024-12-30,1033.6,Premium
917,939,2022-09-11,1070.73,Refund
918,939,2022-09-25,998.53,Premium
919,206,2020-06-12,1596.88,Claim Payout
920,942,2023-08-07,653.24,Premium
921,555,2024-04-11,977.53,Premium
922,484,2021-04-09,449.23,Premium
923,771,2024-04-29,1130.23,Premium
924,249,2022-11-16,609.66,Premium
925,1098,2023-03-04,902.59,Premium
926,373,2020-04-11,869.78,Premium
927,879,2025-10-18,1098.31,Claim Payout
928,835,2024-03-15,806.52,Premium
929,871,2025-10-07,791.64,Premium
930,702,2025-09-14,1502.55,Refund
931,138,2024-12-30,1099.6,Premium
932,948,2025-06-16,803.63,Premium
933,457,2020-06-28,912.21,Premium
934,814,2023-04-29,1575.87,Premium
935,823,2022-02-27,917.69,Premium
936,942,2023-08-05,758.75,Premium
937,444,2025-10-05,760.25,Premium
938,353,2020-12-03,807.81,Premium
939,996,2021-01-28,791.93,Claim Payout
940,794,2021-11-16,552.12,Premium
941,411,2025-12-24,606.53,Premium
942,678,2020-01-31,709.74,Premium
943,453,2020-09-25,1207.05,Claim Payout
944,419,2022-05-13,866.57,Premium
945,450,2022-05-23,927.49,Premium
946,995,2024-10-03,1444.53,Claim Payout
947,1139,2021-03-01,1453.25,Premium
948,51,2022-04-22,901.26,Premium
949,210,2024-11-17,779.2,Premium
950,888,2020-10-22,697.45,Premium
951,998,2021-09-21,1242.47,Refund
952,993,2020-04-07,928.35,Premium
953,850,2025-02-23,864.73,Premium
954,627,2023-09-20,715.22,Premium
955,679,2020-06-04,730.62,Claim Payout
956,777,2020-12-24,1112.02,Premium
957,663,2020-10-27,539.6,Premium
958,268,2020-08-10,1348.2,Premium
959,116,2021-12-30,813.15,Premium
960,754,2022-10-28,947.63,Premium
961,1064,2020-10-15,532.06,Premium
962,182,2022-07-21,995.67,Premium
963,903,2022-11-25,885.09,Premium
964,1143,2024-07-27,982.47,Premium
965,946,2024-05-08,1515.1,Premium
966,258,2025-01-21,1062.19,Premium
967,509,2024-07-14,721.87,Claim Payout
968,92,2024-11-08,751.04,Premium
969,1185,2023-07-19,1208.3,Premium
970,149,2020-03-10,1454.54,Premium
971,117,2024-05-14,1098.67,Claim Payout
972,458,2021-04-29,1241.05,Premium
973,565,2025-12-30,1213.41,Premium
974,814,2020-01-25,1496.67,Premium
975,45,2020-09-16,317.64,Premium
976,774,2020-07-05,1233.53,Refund
977,234,2020-10-24,1344.31,Premium
978,197,2024-01-05,531.45,Premium
979,25,2025-08-21,690.02,Refund
980,395,2021-03-10,702.23,Premium
981,714,2023-04-02,744.92,Claim Payout
982,1060,2023-05-19,831.4,Premium
983,223,2020-12-20,1084.91,Premium
984,864,2023-02-27,1302.99,Refund
985,530,2024-11-27,1378.46,Premium
986,257,2024-04-11,706.76,Refund
987,654,2024-06-06,704.35,Premium
988,1160,2020-05-06,1460.54,Premium
989,591,2025-04-25,1226.36,Premium
990,444,2021-10-02,1029.0,Premium
991,418,2025-12-25,1165.67,Premium
992,574,2022-06-19,989.57,Premium
993,129,2021-07-12,1183.6,Claim Payout
994,1011,2024-05-20,882.38,Premium
995,341,2023-04-23,1094.08,Premium
996,810,2021-08-13,471.31,Premium
997,992,2023-05-05,759.28,Premium
998,100,2024-03-08,763.05,Premium
999,39,2020-02-15,868.96,Premium
1000,263,2021-08-02,675.72,Refund
1001,150,2021-05-19,813.26,Claim Payout
1002,690,2020-06-20,469.96,Premium
1003,813,2020-01-21,1192.05,Premium
1004,1144,2024-06-02,971.12,Premium
1005,219,2020-12-14,403.18,Premium
1006,906,2023-06-02,707.81,Premium
1007,1147,2022-05-10,1117.81,Premium
1008,244,2023-11-09,809.94,Premium
1009,886,2022-05-17,756.07,Premium
1010,587,2024-08-17,973.89,Refund
1011,518,2025-09-30,1120.26,Premium
1012,1045,2021-08-06,497.28,Premium
1013,190,2021-10-21,1192.54,Premium
1014,915,2022-01-23,719.9,Claim Payout
1015,615,2022-06-23,993.73,Claim Payout
1016,856,2022-11-01,987.6,Premium
1017,466,2022-03-06,815.53,Premium
1018,99,2021-04-14,641.72,Claim Payout
1019,830,2022-01-12,900.01,Premium
1020,997,2020-08-10,1568.87,Refund
1021,1107,2025-03-04,523.41,Refund
1022,56,2020-10-26,1592.31,Premium
1023,1046,2023-04-05,909.1,Premium
1024,580,2020-10-02,1012.38,Premium
1025,185,2022-10-23,619.65,Premium
1026,522,2021-02-06,730.06,Refund
1027,264,2022-03-19,823.98,Claim Payout
1028,1062,2025-06-18,634.01,Premium
1029,1003,2023-09-17,926.88,Premium
1030,123,2024-01-02,857.54,Premium
1031,1180,2021-06-09,1647.77,Premium
1032,301,2022-08-18,591.91,Premium
1033,833,2021-02-13,1035.94,Premium
1034,1091,2023-03-13,1086.75,Premium
1035,645,2020-10-12,625.39,Premium
1036,874,2022-03-03,1240.39,Claim Payout
1037,394,2023-07-25,860.59,Premium
1038,661,2025-06-13,127.66,Refund
1039,1155,2025-01-19,1230.95,Premium
1040,69,2023-09-06,609.07,Premium
1041,762,2023-06-06,633.28,Refund
1042,320,2021-09-16,1240.77,Premium
1043,177,2024-02-01,878.49,Premium
1044,584,2023-07-19,1321.22,Premium
1045,1184,2024-10-20,1423.56,Premium
1046,582,2021-11-21,774.28,Premium
1047,1159,2020-01-20,1277.64,Claim Payout
1048,111,2023-07-06,735.59,Premium
1049,999,2022-10-05,1781.59,Premium
1050,758,2022-06-26,757.47,Claim Payout
1051,283,2024-11-21,1359.13,Premium
1052,194,2023-02-07,1295.33,Premium
1053,967,2024-01-12,1110.63,Premium
1054,1071,2021-07-04,765.31,Premium
1055,978,2023-09-20,947.01,Premium
1056,342,2025-05-19,246.24,Premium
1057,522,2025-03-10,1078.55,Premium
1058,801,2024-12-29,1122.37,Premium
1059,903,2024-01-09,1046.72,Premium
1060,131,2023-06-05,40.66,Premium
1061,814,2025-06-17,557.03,Premium
1062,61,2021-03-21,738.17,Premium
1063,164,2021-12-20,1102.08,Premium
1064,272,2020-12-01,1101.27,Refund
1065,133,2023-02-23,940.42,Premium
1066,998,2021-07-27,1222.34,Premium
1067,38,2022-03-15,640.82,Premium
1068,617,2022-12-14,1213.58,Premium
1069,474,2020-11-09,1166.16,Premium
1070,59,2020-11-04,1132.14,Refund
1071,589,2020-03-17,936.29,Claim Payout
1072,499,2025-09-08,1640.76,Claim Payout
1073,567,2020-05-07,1172.62,Claim Payout
1074,567,2024-07-17,661.08,Claim Payout
1075,1153,2022-05-21,1086.91,Premium
1076,904,2020-05-30,1263.37,Premium
1077,383,2022-12-03,794.16,Refund
1078,85,2025-04-17,1381.25,Premium
1079,627,2021-08-31,1133.71,Premium
1080,826,2024-02-07,180.13,Premium
1081,293,2024-05-26,1104.89,Premium
1082,1073,2022-07-03,857.89,Premium
1083,1091,2023-04-06,1188.01,Premium
1084,787,2021-07-02,1330.48,Premium
1085,129,2025-03-18,1068.31,Claim Payout
1086,29,2025-08-14,1582.84,Premium
1087,1143,2025-09-21,937.45,Claim Payout
1088,692,2021-01-05,1218.69,Premium
1089,133,2024-06-13,1281.73,Premium
1090,646,2024-01-30,965.93,Premium
1091,689,2025-08-18,1272.57,Premium
1092,534,2020-02-13,791.86,Premium
1093,516,2022-09-05,852.1,Refund
1094,960,2021-11-10,540.63,Refund
1095,165,2025-10-06,1084.49,Claim Payout
1096,927,2021-07-28,1113.84,Premium
1097,933,2025-01-01,1412.74,Premium
1098,557,2021-10-14,1276.9,Premium
1099,680,2022-01-03,900.32,Premium
1100,993,2021-08-21,587.64,Premium
1101,1029,2025-06-03,1151.5,Premium
1102,757,2024-01-09,1388.76,Premium
1103,1105,2020-06-14,1264.31,Premium
1104,855,2022-06-15,1379.57,Premium
1105,493,2025-06-20,925.84,Premium
1106,649,2022-08-07,836.68,Premium
1107,992,2020-09-14,742.08,Premium
1108,628,2022-12-18,980.44,Premium
1109,625,2024-02-22,972.49,Premium
1110,543,2022-08-16,1072.34,Premium
1111,7,2020-06-24,954.75,Premium
1112,954,2022-04-26,953.23,Refund
1113,515,2025-10-22,728.16,Premium
1114,755,2024-01-19,1329.57,Premium
1115,73,2024-05-08,1026.78,Premium
1116,10,2025-04-07,938.94,Claim Payout
1117,562,2025-02-05,738.4,Premium
1118,122,2020-07-09,533.83,Refund
1119,687,2020-06-12,1457.79,Premium
1120,513,2023-08-20,1194.12,Premium
1121,990,2021-02-26,431.63,Refund
1122,441,2025-11-05,1267.1,Premium
1123,1062,2023-01-25,1322.87,Premium
1124,702,2022-12-14,1043.53,Premium
1125,591,2021-12-13,1559.34,Premium
1126,67,2024-03-22,1075.85,Premium
1127,17,2024-03-30,504.11,Premium
1128,368,2024-02-05,1127.81,Premium
1129,904,2020-11-14,1085.71,Claim Payout
1130,721,2025-10-17,788.85,Premium
1131,958,2022-10-27,1200.75,Premium
1132,908,2024-03-21,416.32,Premium
1133,989,2022-07-01,1346.7,Claim Payout
1134,473,2025-10-16,692.66,Premium
1135,115,2024-07-20,655.27,Premium
1136,100,2023-12-16,960.16,Refund
1137,438,2023-11-14,1151.54,Refund
1138,349,2025-06-17,1057.37,Premium
1139,139,2025-05-28,740.07,Premium
1140,828,2020-01-28,822.87,Premium
1141,324,2025-08-17,603.44,Premium
1142,846,2021-07-23,921.36,Claim Payout
1143,294,2024-12-06,1376.26,Claim Payout
1144,968,2021-11-09,998.51,Premium
1145,74,2022-07-31,1300.79,Premium
1146,484,2020-11-11,1509.39,Premium
1147,16,2025-10-08,794.19,Claim Payout
1148,793,2023-02-24,934.7,Premium
1149,516,2022-05-16,1759.92,Premium
1150,925,2021-09-07,1505.52,Premium
1151,1151,2022-02-04,414.66,Premium
1152,824,2021-10-06,1135.5,Premium
1153,518,2024-01-23,1000.2,Refund
1154,129,2021-04-29,1289.26,Refund
1155,511,2022-08-01,739.26,Premium
1156,423,2024-08-25,706.14,Premium
1157,385,2023-09-14,763.38,Claim Payout
1158,232,2021-04-09,799.83,Premium
1159,959,2025-05-26,1285.36,Premium
1160,825,2025-05-15,586.58,Claim Payout
1161,65,2025-05-16,782.09,Refund
1162,833,2022-05-13,373.85,Refund
1163,615,2021-10-22,1352.49,Premium
1164,801,2024-08-10,1444.86,Premium
1165,278,2020-04-01,885.52,Premium
1166,366,2022-09-25,895.72,Premium
1167,516,2020-06-25,1158.63,Refund
1168,439,2021-06-07,1516.07,Premium
1169,428,2021-10-21,1143.01,Premium
1170,729,2021-07-05,755.86,Premium
1171,396,2025-09-30,433.41,Premium
1172,586,2020-06-09,609.71,Claim Payout
1173,375,2021-08-24,1025.63,Premium
1174,948,2020-08-17,770.64,Premium
1175,93,2021-11-12,1068.24,Premium
1176,321,2022-11-23,806.48,Premium
1177,1034,2022-01-07,629.65,Premium
1178,914,2025-10-17,588.04,Premium
1179,917,2024-07-18,1546.82,Premium
1180,95,2020-03-17,1311.15,Refund
1181,959,2023-03-07,1605.68,Premium
1182,1131,2020-12-17,1188.98,Premium
1183,71,2022-06-06,849.5,Premium
1184,664,2025-01-13,1463.17,Premium
1185,969,2025-04-14,988.43,Premium
1186,587,2025-05-26,1077.29,Premium
1187,727,2021-11-29,985.01,Premium
1188,368,2022-06-17,31.42,Refund
1189,51,2024-08-09,1561.66,Claim Payout
1190,1167,2021-08-07,1171.85,Refund
1191,988,2022-01-14,1115.44,Premium
1192,1191,2025-09-23,978.38,Premium
1193,260,2022-12-19,1057.2,Claim Payout
1194,158,2021-11-17,790.95,Premium
1195,99,2023-11-04,1215.8,Refund
1196,241,2025-01-31,542.52,Premium
1197,202,2020-10-08,1065.12,Premium
1198,634,2022-07-30,1196.55,Refund
1199,1120,2024-03-29,930.47,Refund
1200,746,2024-04-27,1129.8,Refund
1201,490,2021-06-25,653.03,Claim Payout
1202,579,2021-03-20,661.96,Premium
1203,527,2020-03-08,1082.85,Premium
1204,273,2022-04-08,1237.49,Claim Payout
1205,786,2025-11-11,343.8,Premium
1206,453,2025-08-27,1182.71,Premium
1207,1176,2024-09-15,809.88,Premium
1208,347,2021-09-04,932.52,Premium
1209,816,2021-01-29,531.17,Premium
1210,414,2021-12-27,701.93,Premium
1211,431,2025-05-03,1338.14,Claim Payout
1212,379,2020-06-08,1011.5,Premium
1213,998,2025-12-16,866.03,Premium
1214,895,2025-08-23,959.23,Premium
1215,428,2021-04-26,1171.22,Premium
1216,1108,2021-01-16,1154.17,Premium
1217,192,2025-05-29,973.74,Premium
1218,41,2021-06-17,1382.54,Premium
1219,136,2020-01-05,1339.66,Premium
1220,106,2024-11-02,1144.68,Premium
1221,519,2025-11-08,1019.11,Premium
1222,814,2024-09-19,1230.06,Premium
1223,126,2024-02-26,1109.99,Premium
1224,400,2020-06-26,1371.28,Premium
1225,79,2025-12-10,1314.85,Premium
1226,389,2024-10-23,643.61,Claim Payout
1227,74,2022-07-28,619.91,Premium
1228,1029,2025-05-28,754.56,Claim Payout
1229,82,2024-04-10,1341.65,Premium
1230,776,2023-12-06,448.29,Claim Payout
1231,991,2021-02-04,1138.17,Premium
1232,278,2024-10-08,1126.89,Refund
1233,840,2021-07-02,1406.93,Premium
1234,224,2022-11-08,1063.12,Premium
1235,1092,2025-05-08,529.88,Premium
1236,606,2022-08-10,664.23,Premium
1237,19,2020-12-09,586.3,Refund
1238,640,2023-03-06,811.72,Premium
1239,97,2024-07-31,935.98,Claim Payout
1240,1076,2022-11-21,592.1,Premium
1241,175,2022-02-13,1514.73,Premium
1242,1139,2020-01-23,536.15,Premium
1243,348,2020-01-30,1471.14,Premium
1244,1,2025-11-10,1414.81,Premium
1245,63,2021-04-27,1314.41,Refund
1246,226,2025-10-29,757.18,Refund
1247,423,2020-01-30,1119.86,Claim Payout
1248,1043,2024-03-16,552.92,Premium
1249,31,2022-04-21,1318.82,Premium
1250,845,2023-07-17,974.11,Premium
1251,633,2024-08-01,856.74,Premium
1252,24,2024-01-23,571.69,Refund
1253,837,2021-03-12,132.87,Premium
1254,983,2021-09-25,636.51,Premium
1255,161,2024-10-11,1389.48,Premium
1256,114,2022-11-04,859.01,Premium
1257,504,2022-12-06,940.73,Claim Payout
1258,955,2024-09-30,1229.44,Premium
1259,357,2024-02-06,1631.98,Premium
1260,169,2023-02-02,1463.75,Refund
1261,969,2024-06-15,659.68,Premium
1262,242,2022-04-14,320.1,Premium
1263,139,2024-08-19,1825.86,Premium
1264,97,2025-05-30,1794.15,Premium
1265,147,2022-01-02,1065.96,Premium
1266,1081,2024-02-25,555.33,Refund
1267,1066,2025-06-04,1337.13,Premium
1268,866,2022-11-05,962.21,Premium
1269,543,2023-06-10,960.46,Claim Payout
1270,692,2023-11-11,1313.06,Refund
1271,1026,2024-06-18,1117.03,Premium
1272,1162,2021-07-19,584.96,Premium
1273,904,2021-05-02,886.34,Premium
1274,730,2022-07-30,1231.4,Premium
1275,331,2025-01-03,1178.59,Premium
1276,617,2021-10-24,1091.71,Premium
1277,404,2021-02-14,1326.7,Premium
1278,508,2022-05-28,873.4,Premium
1279,1151,2025-09-13,1062.53,Premium
1280,1039,2024-06-28,181.45,Premium
1281,226,2023-10-18,842.62,Premium
1282,984,2020-08-01,1267.37,Premium
1283,865,2021-10-20,863.36,Premium
1284,1129,2024-05-12,836.82,Premium
1285,745,2020-01-22,635.49,Premium
1286,493,2021-01-08,1351.18,Premium
1287,319,2021-08-18,1191.96,Premium
1288,773,2025-04-15,1288.9,Claim Payout
1289,452,2024-11-18,395.83,Claim Payout
1290,944,2020-12-27,943.84,Premium
1291,848,2020-09-19,901.96,Claim Payout
1292,1017,2022-12-13,901.8,Premium
1293,884,2022-06-27,784.39,Premium
1294,419,2024-02-27,878.86,Claim Payout
1295,865,2020-11-23,1297.38,Premium
1296,789,2020-06-03,330.5,Premium
1297,495,2024-04-23,1622.05,Premium
1298,1063,2024-06-29,1169.34,Premium
1299,162,2025-11-04,985.18,Premium
1300,121,2023-03-19,1317.39,Premium
1301,399,2020-08-23,491.86,Premium
1302,728,2021-12-18,767.35,Premium
1303,561,2025-07-17,957.62,Premium
1304,604,2024-12-03,1477.95,Claim Payout
1305,1153,2020-02-13,983.73,Refund
1306,540,2022-04-06,1157.52,Premium
1307,356,2025-10-23,793.65,Premium
1308,660,2023-03-17,1170.39,Refund
1309,432,2022-03-08,1587.03,Premium
1310,1089,2020-05-17,1348.43,Premium
1311,563,2025-09-22,971.49,Premium
1312,817,2025-10-13,1236.42,Claim Payout
1313,1098,2022-08-06,1202.13,Premium
1314,711,2021-11-25,1177.31,Premium
1315,12,2020-05-27,1389.18,Premium
1316,239,2024-01-13,1386.57,Premium
1317,453,2022-09-06,955.49,Premium
1318,383,2020-01-02,1224.66,Premium
1319,782,2021-10-06,865.92,Premium
1320,48,2020-12-21,676.92,Premium
1321,317,2023-02-04,905.68,Premium
1322,209,2024-06-24,973.3,Refund
1323,1143,2023-12-17,418.45,Claim Payout
1324,577,2024-06-06,1301.12,Premium
1325,315,2024-07-18,31.44,Premium
1326,754,2022-03-31,1950.19,Premium
1327,1060,2025-10-21,1525.66,Premium
1328,915,2020-03-03,908.65,Premium
1329,755,2020-10-08,1003.3,Premium
1330,554,2021-01-04,1106.04,Premium
1331,403,2023-03-11,793.79,Premium
1332,1131,2023-11-26,1067.42,Claim Payout
1333,39,2023-11-24,949.6,Premium
1334,581,2023-02-06,967.0,Premium
1335,180,2022-07-15,1063.51,Premium
1336,12,2022-03-07,540.27,Claim Payout
1337,943,2025-02-05,1013.85,Refund
1338,548,2024-07-12,1057.21,Premium
1339,1150,2020-01-20,1045.1,Premium
1340,63,2022-12-05,924.46,Premium
1341,844,2021-12-17,1398.25,Premium
1342,1106,2024-07-25,876.22,Premium
1343,1009,2025-09-04,1079.56,Premium
1344,34,2021-03-12,1454.05,Premium
1345,752,2020-10-23,972.22,Premium
1346,49,2025-08-22,1075.06,Premium
1347,658,2023-04-20,966.27,Premium
1348,701,2023-10-24,1433.08,Premium
1349,1081,2021-04-24,909.8,Refund
1350,109,2025-10-03,1449.17,Premium
1351,985,2022-11-21,963.74,Claim Payout
1352,24,2022-10-21,699.19,Premium
1353,221,2024-12-18,1237.78,Claim Payout
1354,315,2024-03-24,893.37,Claim Payout
1355,294,2025-06-03,1217.18,Premium
1356,1034,2022-09-23,44.71,Claim Payout
1357,1020,2023-10-23,1001.82,Premium
1358,1018,2025-02-22,839.14,Premium
1359,638,2025-03-02,627.86,Premium
1360,267,2020-04-22,806.37,Premium
1361,88,2025-05-28,799.2,Premium
1362,455,2021-04-21,983.2,Refund
1363,1172,2022-11-22,521.44,Premium
1364,757,2020-10-03,1110.7,Premium
1365,431,2024-04-16,1478.18,Premium
1366,911,2022-06-21,1098.32,Premium
1367,242,2022-07-30,1283.15,Premium
1368,702,2023-07-17,1383.1,Claim Payout
1369,902,2024-08-16,1432.77,Premium
1370,741,2023-12-17,1654.55,Premium
1371,66,2025-10-16,825.28,Claim Payout
1372,972,2020-02-09,748.53,Premium
1373,378,2022-12-14,1274.21,Premium
1374,388,2022-10-13,1247.89,Premium
1375,781,2023-03-22,1271.49,Premium
1376,209,2021-01-15,1661.25,Claim Payout
1377,16,2024-06-22,1003.98,Premium
1378,986,2023-11-01,1149.15,Premium
1379,367,2020-11-07,656.86,Premium
1380,780,2022-01-01,1747.36,Premium
1381,440,2025-05-05,882.21,Refund
1382,690,2023-07-09,892.12,Claim Payout
1383,1060,2023-12-19,878.64,Claim Payout
1384,847,2022-06-14,774.29,Premium
1385,422,2023-01-07,744.7,Premium
1386,608,2022-01-18,816.7,Premium
1387,20,2022-02-17,521.97,Premium
1388,676,2025-08-05,725.14,Premium
1389,382,2022-03-28,1682.14,Premium
1390,609,2022-08-19,1257.48,Claim Payout
1391,143,2022-09-18,1324.07,Premium
1392,62,2022-12-23,1412.02,Premium
1393,238,2022-04-26,1641.95,Premium
1394,1155,2022-07-27,380.0,Premium
1395,1147,2022-04-10,569.54,Premium
1396,927,2022-10-19,718.7,Premium
1397,342,2023-12-29,835.59,Premium
1398,455,2021-09-30,894.8,Premium
1399,282,2021-03-12,843.56,Refund
1400,886,2021-05-06,1076.76,Premium
1401,1025,2020-11-17,1012.35,Premium
1402,723,2025-07-10,747.01,Premium
1403,87,2020-01-28,238.56,Premium
1404,665,2020-06-22,652.5,Claim Payout
1405,862,2025-05-29,807.77,Premium
1406,61,2024-02-29,913.52,Premium
1407,797,2023-07-15,604.62,Claim Payout
1408,95,2025-07-09,828.22,Premium
1409,786,2023-01-30,604.15,Premium
1410,1171,2025-07-03,955.96,Premium
1411,961,2022-01-19,624.42,Premium
1412,297,2025-09-24,702.88,Claim Payout
1413,1147,2023-02-21,541.96,Premium
1414,694,2024-06-17,946.27,Premium
1415,399,2022-06-28,696.74,Premium
1416,946,2021-06-09,1317.37,Premium
1417,534,2020-08-09,1142.05,Premium
1418,402,2025-11-23,975.55,Premium
1419,130,2024-09-29,720.88,Premium
1420,292,2025-05-13,1133.18,Premium
1421,276,2020-05-13,1241.75,Claim Payout
1422,912,2025-08-20,1049.94,Premium
1423,926,2023-11-23,1561.3,Premium
1424,55,2024-05-31,1160.87,Premium
1425,739,2021-12-16,1319.76,Claim Payout
1426,1050,2025-02-15,1046.75,Refund
1427,765,2021-05-08,1236.48,Refund
1428,642,2025-10-23,721.13,Premium
1429,724,2025-02-27,839.56,Refund
1430,802,2023-07-16,1122.28,Premium
1431,738,2020-02-04,1119.73,Premium
1432,758,2020-02-18,1177.66,Premium
1433,567,2022-05-13,1385.14,Refund
1434,340,2024-04-03,501.26,Refund
1435,153,2021-02-16,658.94,Claim Payout
1436,1004,2023-08-25,1080.35,Claim Payout
1437,427,2024-01-21,746.47,Premium
1438,1003,2022-11-29,2182.22,Premium
1439,204,2022-02-05,1180.5,Premium
1440,1136,2022-12-12,972.58,Claim Payout
1441,325,2022-08-29,819.59,Premium
1442,950,2023-01-08,831.94,Claim Payout
1443,951,2025-04-14,1010.55,Premium
1444,939,2023-11-06,1039.19,Premium
1445,957,2024-02-07,840.16,Premium
1446,894,2022-01-23,904.4,Premium
1447,435,2025-08-04,1470.5,Claim Payout
1448,371,2024-10-02,1484.58,Premium
1449,933,2022-05-12,1088.21,Premium
1450,249,2024-09-12,530.56,Premium
1451,891,2024-03-04,1188.48,Premium
1452,181,2024-02-04,1544.0,Premium
1453,703,2024-06-28,1479.42,Premium
1454,999,2023-02-19,1257.05,Claim Payout
1455,78,2025-01-20,1497.85,Premium
1456,919,2022-01-06,1018.68,Premium
1457,885,2021-06-21,1219.84,Premium
1458,336,2022-07-25,761.73,Premium
1459,50,2021-02-13,1102.29,Premium
1460,85,2023-01-10,1465.34,Premium
1461,695,2022-08-23,793.7,Premium
1462,4,2024-11-05,698.49,Premium
1463,993,2024-04-09,1034.12,Premium
1464,317,2022-03-14,920.67,Refund
1465,1135,2021-08-20,1227.2,Claim Payout
1466,763,2021-09-04,841.36,Premium
1467,1157,2025-04-21,1601.45,Premium
1468,612,2020-02-09,548.61,Premium
1469,1005,2021-12-24,1438.81,Premium
1470,914,2024-09-22,732.3,Refund
1471,799,2025-08-08,371.41,Refund
1472,119,2021-07-04,1083.26,Premium
1473,350,2025-10-18,910.89,Premium
1474,917,2025-12-27,611.64,Premium
1475,687,2023-07-17,411.52,Premium
1476,542,2025-06-16,997.07,Refund
1477,1079,2023-05-13,1341.54,Premium
1478,361,2022-10-24,1204.73,Premium
1479,708,2020-07-14,1019.85,Premium
1480,685,2024-06-19,1167.6,Premium
1481,330,2021-02-09,990.48,Premium
1482,219,2021-10-31,499.6,Premium
1483,208,2020-09-02,502.69,Premium
1484,845,2022-06-01,928.89,Premium
1485,85,2022-11-07,943.77,Claim Payout
1486,685,2025-05-05,1297.84,Premium
1487,245,2021-01-29,1265.06,Claim Payout
1488,872,2025-01-16,1211.8,Premium
1489,1023,2023-10-02,901.9,Premium
1490,596,2022-11-30,516.77,Claim Payout
1491,685,2024-01-18,1144.22,Premium
1492,1157,2024-01-15,1183.81,Refund
1493,1014,2022-11-21,164.01,Premium
1494,1014,2023-11-10,707.98,Premium
1495,350,2020-03-22,758.13,Premium
1496,282,2024-08-13,1041.42,Claim Payout
1497,293,2021-05-11,718.82,Claim Payout
1498,984,2023-12-09,986.65,Premium
1499,20,2022-03-25,926.31,Premium
1500,759,2021-12-15,944.3,Premium
